ecosystem,file,name,constraint,before,stable,declared,after,note
"pub","pubspec.yaml","archive","^4.0.9","4.0.9","4.2.0","^4.2.0","4.2.0",""
"pub","pubspec.yaml","file_selector","^1.1.0","1.1.0","1.1.0","^1.1.0","1.1.0",""
"pub","pubspec.yaml","fl_chart","^1.2.0","1.2.0","1.2.0","^1.2.0","1.2.0",""
"pub","pubspec.yaml","flutter_riverpod","^3.4.1","3.4.1","3.4.2","^3.4.2","3.4.2",""
"pub","pubspec.yaml","logging","^1.3.0","1.3.0","1.3.0","^1.3.0","1.3.0",""
"pub","pubspec.yaml","path","^1.9.1","1.9.1","1.9.1","^1.9.1","1.9.1",""
"pub","pubspec.yaml","pasteboard","^0.5.0","0.5.0","0.5.0","^0.5.0","0.5.0",""
"pub","pubspec.yaml","uuid","^4.6.0","4.6.0","4.6.0","^4.6.0","4.6.0",""
"pub","pubspec.yaml","path_provider","^2.1.6","2.1.6","2.1.6","^2.1.6","2.1.6",""
"pub","pubspec.yaml","ghostty_vte_flutter","^0.1.5","0.1.5","0.1.3","^0.1.5","0.1.5","Pinned local fork retained"
"pub","pubspec.yaml","ffi","^2.2.0","2.2.0","2.2.0","^2.2.0","2.2.0",""
"pub","pubspec.yaml","portable_pty","^0.0.5","0.0.5","0.0.5","^0.0.5","0.0.5",""
"pub","pubspec.yaml","xterm2","^5.3.0","5.3.0","5.2.0","^5.3.0","5.3.0","Pinned local fork retained"
"pub","pubspec.yaml","desktop_updater","^2.7.0","2.7.0","3.1.6","^2.7.0","2.7.0","2.7.0 retained: v3 release/installer migration excluded"
"pub","pubspec.yaml","http","^1.6.0","1.6.0","1.6.0","^1.6.0","1.6.0",""
"pub","pubspec.yaml","record","^7.1.1","7.1.1","7.1.1","^7.1.1","7.1.1",""
"pub","pubspec.yaml","speech_to_text","^7.4.0","7.4.0","7.4.0","^7.4.0","7.4.0",""
"pub","pubspec.yaml","image","^4.9.1","4.9.1","4.9.2","^4.9.2","4.9.2",""
"pub","pubspec.yaml","media_kit","1.2.6","1.2.6","1.2.6","1.2.6","1.2.6","Coordinated native versions/hashes/licenses retained"
"pub","pubspec.yaml","media_kit_libs_video","1.0.7","1.0.7","1.0.7","1.0.7","1.0.7","Coordinated native versions/hashes/licenses retained"
"pub","pubspec.yaml","media_kit_video","2.0.1","2.0.1","2.0.1","2.0.1","2.0.1","Coordinated native versions/hashes/licenses retained"
"pub","pubspec.yaml","package_info_plus","^10.2.1","10.2.1","10.2.1","^10.2.1","10.2.1",""
"pub","pubspec.yaml","url_launcher","^6.3.2","6.3.2","6.3.2","^6.3.2","6.3.2",""
"pub","pubspec.yaml","flutter_colorpicker","^1.1.0","1.1.0","1.1.0","^1.1.0","1.1.0",""
"pub","pubspec.yaml","flutter_svg","^2.3.0","2.3.0","2.3.0","^2.3.0","2.3.0",""
"pub","pubspec.yaml","wakelock_plus","^1.7.0","1.7.0","1.7.0","^1.7.0","1.7.0",""
"pub","pubspec.yaml","riverpod_annotation","^4.0.5","4.0.5","4.0.6","^4.0.6","4.0.6",""
"pub","pubspec.yaml","dart_mappable","^4.8.0","4.8.0","4.8.0","^4.8.0","4.8.0",""
"pub","pubspec.yaml","desktop_drop","^0.7.1","0.7.1","0.8.2","^0.8.2","0.8.2",""
"pub","pubspec.yaml","drift","^2.34.3","2.34.3","2.34.3","^2.34.3","2.34.3",""
"pub","pubspec.yaml","meta","^1.18.0","1.19.0","1.19.0","^1.19.0","1.19.0",""
"pub","pubspec.yaml","sqlite3","^3.5.0","3.5.0","3.5.2","^3.5.2","3.5.2",""
"pub","pubspec.yaml","sqlite3_flutter_libs","^0.6.0+eol","0.6.0+eol","0.6.0+eol","","","Removed obsolete no-op package; sqlite3 3.x owns native hooks"
"pub","pubspec.yaml","flutter_local_notifications","^22.2.0","22.2.0","22.3.0","^22.3.0","22.3.0",""
"pub","pubspec.yaml","screen_retriever","^0.2.2","0.2.2","0.2.2","^0.2.2","0.2.2",""
"pub","pubspec.yaml","window_manager","^0.5.2","0.5.2","0.5.2","^0.5.2","0.5.2",""
"pub","pubspec.yaml","crypto","^3.0.7","3.0.7","3.0.7","^3.0.7","3.0.7",""
"pub","pubspec.yaml","cryptography","^2.9.0","2.9.0","2.9.0","^2.9.0","2.9.0",""
"pub","pubspec.yaml","toml","^0.18.0","0.18.0","0.18.0","^0.18.0","0.18.0",""
"pub","pubspec.yaml","flutter_rust_bridge","2.12.0","2.12.0","2.13.0","2.13.0","2.13.0",""
"pub","pubspec.yaml","flutter_directory_tree","^1.0.0","1.0.0","1.0.0","^1.0.0","1.0.0",""
"pub","pubspec.yaml","gpt_markdown","^1.1.8","1.1.8","1.2.1","^1.2.1","1.2.1",""
"pub","pubspec.yaml","directory_tree","^1.0.0","1.0.0","1.0.0","^1.0.0","1.0.0",""
"pub","pubspec.yaml","code_forge","^10.9.0","10.9.0","10.13.0","^10.13.0","10.13.0",""
"pub","pubspec.yaml","re_highlight","^0.0.3","0.0.3","0.0.3","^0.0.3","0.0.3",""
"pub","pubspec.yaml","vscode_material_icon_theme","^5.26.0","5.26.0","5.37.0","^5.37.0","5.37.0",""
"pub","pubspec.yaml","lucide_icons_flutter","^3.1.15","3.1.15","3.1.17","^3.1.17","3.1.17",""
"pub","pubspec.yaml","pdfrx","^2.4.7","2.4.7","2.5.0","^2.5.0","2.5.0",""
"pub","pubspec.yaml","pretty_qr_code","^3.6.0","3.6.0","3.6.0","^3.6.0","3.6.0",""
"pub","pubspec.yaml","sentry","^9.25.0","9.25.0","9.28.0","^9.28.0","9.28.0",""
"pub","pubspec.yaml","alchemist","^0.14.0","0.14.0","0.14.0","^0.14.0","0.14.0",""
"pub","pubspec.yaml","build_runner","^2.15.1","2.15.1","2.16.0","^2.16.0","2.16.0",""
"pub","pubspec.yaml","dart_mappable_builder","^4.9.0","4.9.0","4.9.0","^4.9.0","4.9.0",""
"pub","pubspec.yaml","drift_dev","^2.34.1+1","2.34.1+1","2.34.5","^2.34.5","2.34.5",""
"pub","pubspec.yaml","fake_async","^1.3.3","1.3.3","1.3.3","^1.3.3","1.3.3",""
"pub","pubspec.yaml","file_selector_platform_interface","^2.7.0","2.7.0","2.7.0","^2.7.0","2.7.0",""
"pub","pubspec.yaml","flutter_launcher_icons","^0.14.4","0.14.4","0.14.4","^0.14.4","0.14.4",""
"pub","pubspec.yaml","flutter_lints","^6.0.0","6.0.0","6.0.0","^6.0.0","6.0.0",""
"pub","pubspec.yaml","path_provider_platform_interface","^2.1.3","2.1.3","2.1.3","^2.1.3","2.1.3",""
"pub","pubspec.yaml","plugin_platform_interface","^2.1.8","2.1.8","2.1.8","^2.1.8","2.1.8",""
"pub","pubspec.yaml","riverpod_generator","^4.0.7","4.0.7","4.0.8","^4.0.8","4.0.8",""
"pub","pubspec.yaml","riverpod_lint","^3.1.7","3.1.7","3.1.8","^3.1.8","3.1.8",""
"pub","pubspec.yaml","url_launcher_platform_interface","^2.3.2","2.3.2","2.3.2","^2.3.2","2.3.2",""
"pub","pubspec.yaml","yaml","^3.1.3","3.1.3","3.1.4","^3.1.4","3.1.4",""
"pub","mobile/pubspec.yaml","cupertino_icons","^1.0.9","1.0.9","1.0.9","^1.0.9","1.0.9",""
"pub","mobile/pubspec.yaml","cryptography","^2.9.0","2.9.0","2.9.0","^2.9.0","2.9.0",""
"pub","mobile/pubspec.yaml","firebase_core","^4.12.1","4.12.1","4.14.0","^4.14.0","4.14.0",""
"pub","mobile/pubspec.yaml","firebase_messaging","^16.4.3","16.4.3","16.6.0","^16.6.0","16.6.0",""
"pub","mobile/pubspec.yaml","file_selector","^1.1.0","1.1.0","1.1.0","^1.1.0","1.1.0",""
"pub","mobile/pubspec.yaml","flutter_local_notifications","^21.0.0","21.0.0","22.3.0","^22.3.0","22.3.0",""
"pub","mobile/pubspec.yaml","flutter_riverpod","^3.4.1","3.4.1","3.4.2","^3.4.2","3.4.2",""
"pub","mobile/pubspec.yaml","flutter_secure_storage","^10.3.1","10.3.1","11.0.0","^11.0.0","11.0.0",""
"pub","mobile/pubspec.yaml","flutter_svg","^2.3.0","2.3.0","2.3.0","^2.3.0","2.3.0",""
"pub","mobile/pubspec.yaml","gpt_markdown","^1.1.8","1.1.8","1.2.1","^1.2.1","1.2.1",""
"pub","mobile/pubspec.yaml","http","^1.6.0","1.6.0","1.6.0","^1.6.0","1.6.0",""
"pub","mobile/pubspec.yaml","image_picker","^1.2.1","1.2.3","1.2.3","^1.2.3","1.2.3",""
"pub","mobile/pubspec.yaml","lucide_icons_flutter","^3.1.15","3.1.15","3.1.17","^3.1.17","3.1.17",""
"pub","mobile/pubspec.yaml","mobile_scanner","^7.4.0","7.4.0","7.4.0","^7.4.0","7.4.0",""
"pub","mobile/pubspec.yaml","riverpod_annotation","^4.0.5","4.0.5","4.0.6","^4.0.6","4.0.6",""
"pub","mobile/pubspec.yaml","shared_preferences","^2.5.5","2.5.5","2.5.5","^2.5.5","2.5.5",""
"pub","mobile/pubspec.yaml","package_info_plus","^10.2.1","10.2.1","10.2.1","^10.2.1","10.2.1",""
"pub","mobile/pubspec.yaml","url_launcher","^6.3.2","6.3.2","6.3.2","^6.3.2","6.3.2",""
"pub","mobile/pubspec.yaml","web_socket_channel","^3.0.3","3.0.3","3.0.3","^3.0.3","3.0.3",""
"pub","mobile/pubspec.yaml","logging","^1.3.0","1.3.0","1.3.0","^1.3.0","1.3.0",""
"pub","mobile/pubspec.yaml","path_provider","^2.1.6","2.1.6","2.1.6","^2.1.6","2.1.6",""
"pub","mobile/pubspec.yaml","record","^7.1.1","7.1.1","7.1.1","^7.1.1","7.1.1",""
"pub","mobile/pubspec.yaml","just_audio","^0.10.6","0.10.6","0.10.6","^0.10.6","0.10.6",""
"pub","mobile/pubspec.yaml","audio_session","^0.2.2","0.2.4","0.2.4","^0.2.4","0.2.4",""
"pub","mobile/pubspec.yaml","ffi","^2.2.0","2.2.0","2.2.0","^2.2.0","2.2.0",""
"pub","mobile/pubspec.yaml","crypto","^3.0.7","3.0.7","3.0.7","^3.0.7","3.0.7",""
"pub","mobile/pubspec.yaml","share_plus","^13.3.0","13.3.0","13.3.0","^13.3.0","13.3.0",""
"pub","mobile/pubspec.yaml","sentry_flutter","^9.25.0","9.25.0","9.28.0","^9.28.0","9.28.0",""
"pub","mobile/pubspec.yaml","path","^1.9.1","1.9.1","1.9.1","^1.9.1","1.9.1",""
"pub","mobile/pubspec.yaml","speech_to_text","^7.4.0","7.4.0","7.4.0","^7.4.0","7.4.0",""
"pub","mobile/pubspec.yaml","shared_preferences_platform_interface","^2.4.2","2.4.2","2.4.2","^2.4.2","2.4.2",""
"pub","mobile/pubspec.yaml","build_runner","^2.15.1","2.15.1","2.16.0","^2.16.0","2.16.0",""
"pub","mobile/pubspec.yaml","flutter_lints","^6.0.0","6.0.0","6.0.0","^6.0.0","6.0.0",""
"pub","mobile/pubspec.yaml","flutter_launcher_icons","^0.14.4","0.14.4","0.14.4","^0.14.4","0.14.4",""
"pub","mobile/pubspec.yaml","flutter_native_splash","^2.4.8","2.4.8","2.4.8","^2.4.8","2.4.8",""
"pub","mobile/pubspec.yaml","plugin_platform_interface","^2.1.8","2.1.8","2.1.8","^2.1.8","2.1.8",""
"pub","mobile/pubspec.yaml","riverpod_generator","^4.0.7","4.0.7","4.0.8","^4.0.8","4.0.8",""
"pub","mobile/pubspec.yaml","riverpod_lint","^3.1.7","3.1.7","3.1.8","^3.1.8","3.1.8",""
"pub","mobile/pubspec.yaml","stream_channel","^2.1.4","2.1.4","2.1.4","^2.1.4","2.1.4",""
"pub","mobile/pubspec.yaml","url_launcher_platform_interface","^2.3.2","2.3.2","2.3.2","^2.3.2","2.3.2",""
"pub","packages/alera_browser/pubspec.yaml","meta","^1.18.0","1.19.0","1.19.0","^1.19.0","1.19.0",""
"pub","packages/alera_browser/pubspec.yaml","flutter_lints","^6.0.0","6.0.0","6.0.0","^6.0.0","6.0.0",""
"pub","packages/alera_configuration/pubspec.yaml","crypto","^3.0.7","3.0.7","3.0.7","^3.0.7","3.0.7",""
"pub","packages/alera_configuration/pubspec.yaml","test","^1.26.0","1.31.2","1.31.2","^1.31.2","1.31.2",""
"pub","rust_builder/pubspec.yaml","plugin_platform_interface","^2.1.8","","2.1.8","^2.1.8","2.1.8",""
"pub","rust_builder/pubspec.yaml","ffi","^2.2.0","","2.2.0","^2.2.0","2.2.0",""
"pub","rust_builder/pubspec.yaml","ffigen","^21.0.0","","21.0.0","^21.0.0","21.0.0",""
"pub","rust_builder/pubspec.yaml","flutter_lints","^6.0.0","","6.0.0","^6.0.0","6.0.0",""
"pub","mobile/rust_builder/pubspec.yaml","flutter_lints","^6.0.0","6.0.0","6.0.0","^6.0.0","6.0.0",""
"pub","tool/release/runtime_packager/pubspec.yaml","archive","^4.0.9","4.2.0","4.2.0","^4.2.0","4.2.0",""
"pub","tool/release/runtime_packager/pubspec.yaml","crypto","^3.0.7","3.0.7","3.0.7","^3.0.7","3.0.7",""
"pub","tool/release/runtime_packager/pubspec.yaml","path","^1.9.1","1.9.1","1.9.1","^1.9.1","1.9.1",""
"cargo","rust/Cargo.toml","flutter_rust_bridge","=2.12.0","2.12.0","2.13.0","=2.13.0","2.13.0",""
"cargo","rust/Cargo.toml","keepawake","0.6.0","0.6.1","0.6.1","0.6.1","0.6.1",""
"cargo","rust/Cargo.toml","tokio","1","1.53.1","1.53.1","1.53.1","1.53.1",""
"cargo","rust/Cargo.toml","axum","0.8","0.8.9","0.8.9","0.8.9","0.8.9",""
"cargo","rust/Cargo.toml","bytes","1","1.12.1","1.12.1","1.12.1","1.12.1",""
"cargo","rust/Cargo.toml","serde","1","1.0.229","1.0.229","1.0.229","1.0.229",""
"cargo","rust/Cargo.toml","serde_json","1","1.0.151","1.0.151","1.0.151","1.0.151",""
"cargo","rust/Cargo.toml","serde_urlencoded","0.7","0.7.1","0.7.1","0.7.1","0.7.1",""
"cargo","rust/Cargo.toml","git2","0.21","0.21.0","0.21.0","0.21.0","0.21.0",""
"cargo","rust/Cargo.toml","ignore","0.4","0.4.31","0.4.33","0.4.33","0.4.33",""
"cargo","rust/Cargo.toml","notify","8","8.2.0","8.2.0","8.2.0","8.2.0",""
"cargo","rust/Cargo.toml","trash","5","5.2.6","5.2.6","5.2.6","5.2.6",""
"cargo","rust/Cargo.toml","globset","0.4","0.4.19","0.4.20","0.4.20","0.4.20",""
"cargo","rust/Cargo.toml","grep-matcher","0.1","0.1.9","0.1.9","0.1.9","0.1.9",""
"cargo","rust/Cargo.toml","grep-regex","0.1","0.1.14","0.1.14","0.1.14","0.1.14",""
"cargo","rust/Cargo.toml","regex","1","1.13.1","1.13.1","1.13.1","1.13.1",""
"cargo","rust/Cargo.toml","merman","0.7","0.7.0","0.7.0","0.7.0","0.7.0",""
"cargo","rust/Cargo.toml","png","0.18","0.18.1","0.18.1","0.18.1","0.18.1",""
"cargo","rust/Cargo.toml","tempfile","3","3.27.0","3.27.0","3.27.0","3.27.0",""
"cargo","rust/Cargo.toml","hound","3.5","3.5.1","3.5.1","3.5.1","3.5.1",""
"cargo","rust/Cargo.toml","whisper-rs","0.16.0","0.16.0","0.16.0","0.16.0","0.16.0",""
"cargo","rust/Cargo.toml","libc","0.2","0.2.189","0.2.189","0.2.189","0.2.189",""
"cargo","rust/Cargo.toml","arboard","3.6.1","3.6.1","3.6.1","3.6.1","3.6.1",""
"cargo","rust/alera-core/Cargo.toml","anyhow","1","1.0.104","1.0.104","1.0.104","1.0.104",""
"cargo","rust/alera-core/Cargo.toml","cap-fs-ext","4.0.2","4.0.2","4.0.3","4.0.3","4.0.3",""
"cargo","rust/alera-core/Cargo.toml","cap-std","4.0.2","4.0.2","4.0.3","4.0.3","4.0.3",""
"cargo","rust/alera-core/Cargo.toml","chrono","0.4","0.4.45","0.4.45","0.4.45","0.4.45",""
"cargo","rust/alera-core/Cargo.toml","chrono-tz","0.10","0.10.4","0.10.4","0.10.4","0.10.4",""
"cargo","rust/alera-core/Cargo.toml","git2","0.21","0.21.0","0.21.0","0.21.0","0.21.0",""
"cargo","rust/alera-core/Cargo.toml","ignore","0.4","0.4.31","0.4.33","0.4.33","0.4.33",""
"cargo","rust/alera-core/Cargo.toml","same-file","1.0.6","1.0.6","1.0.6","1.0.6","1.0.6",""
"cargo","rust/alera-core/Cargo.toml","serde","1","1.0.229","1.0.229","1.0.229","1.0.229",""
"cargo","rust/alera-core/Cargo.toml","serde_json","1","1.0.151","1.0.151","1.0.151","1.0.151",""
"cargo","rust/alera-core/Cargo.toml","sha2","0.10","0.10.9;0.11.0","0.11.0","0.11.0","0.10.9;0.11.0",""
"cargo","rust/alera-core/Cargo.toml","sqlx","0.9","0.9.0","0.9.0","0.9.0","0.9.0",""
"cargo","rust/alera-core/Cargo.toml","thiserror","2","1.0.69;2.0.19","2.0.20","2.0.20","1.0.69;2.0.20",""
"cargo","rust/alera-core/Cargo.toml","tokio","1","1.53.1","1.53.1","1.53.1","1.53.1",""
"cargo","rust/alera-core/Cargo.toml","url","2.5","2.5.8","2.5.8","2.5.8","2.5.8",""
"cargo","rust/alera-core/Cargo.toml","uuid","1","1.24.0","1.26.0","1.26.0","1.26.0",""
"cargo","rust/alera-core/Cargo.toml","libc","0.2","0.2.189","0.2.189","0.2.189","0.2.189",""
"cargo","rust/alera-core/Cargo.toml","tempfile","3","3.27.0","3.27.0","3.27.0","3.27.0",""
"cargo","rust/alera-cli/Cargo.toml","clap","4","4.6.4","4.6.6","4.6.6","4.6.6",""
"cargo","rust/alera-cli/Cargo.toml","tokio","1","1.53.1","1.53.1","1.53.1","1.53.1",""
"cargo","rust/alera-cli/Cargo.toml","serde","1","1.0.229","1.0.229","1.0.229","1.0.229",""
"cargo","rust/alera-cli/Cargo.toml","serde_json","1","1.0.151","1.0.151","1.0.151","1.0.151",""
"cargo","rust/alera-cli/Cargo.toml","base64","0.23","0.22.1;0.23.0","0.23.1","0.23.1","0.22.1;0.23.1",""
"cargo","rust/alera-cli/Cargo.toml","chrono","0.4","0.4.45","0.4.45","0.4.45","0.4.45",""
"cargo","rust/alera-cli/Cargo.toml","portable-pty","0.9","0.9.0","0.9.0","0.9.0","0.9.0",""
"cargo","rust/alera-cli/Cargo.toml","sqlx","0.9","0.9.0","0.9.0","0.9.0","0.9.0",""
"cargo","rust/alera-cli/Cargo.toml","anyhow","1","1.0.104","1.0.104","1.0.104","1.0.104",""
"cargo","rust/alera-cli/Cargo.toml","thiserror","2","1.0.69;2.0.19","2.0.20","2.0.20","1.0.69;2.0.20",""
"cargo","rust/alera-cli/Cargo.toml","uuid","1","1.24.0","1.26.0","1.26.0","1.26.0",""
"cargo","rust/alera-cli/Cargo.toml","ed25519-dalek","3","3.0.0","3.0.0","3.0.0","3.0.0",""
"cargo","rust/alera-cli/Cargo.toml","futures-util","0.3","0.3.33","0.3.34","0.3.34","0.3.34",""
"cargo","rust/alera-cli/Cargo.toml","hex","0.4","0.4.3","0.4.3","0.4.3","0.4.3",""
"cargo","rust/alera-cli/Cargo.toml","reqwest","0.13","0.13.4","0.13.4","0.13.4","0.13.4",""
"cargo","rust/alera-cli/Cargo.toml","sha2","0.10","0.10.9;0.11.0","0.11.0","0.11.0","0.10.9;0.11.0",""
"cargo","rust/alera-cli/Cargo.toml","hmac","0.12","0.12.1;0.13.0","0.13.0","0.13.0","0.12.1;0.13.0",""
"cargo","rust/alera-cli/Cargo.toml","hkdf","0.12","0.12.4;0.13.0","0.13.0","0.13.0","0.12.4;0.13.0",""
"cargo","rust/alera-cli/Cargo.toml","chacha20poly1305","0.10","0.10.1","0.11.0","0.11.0","0.11.0",""
"cargo","rust/alera-cli/Cargo.toml","x25519-dalek","2","2.0.1","3.0.0","3.0.0","3.0.0",""
"cargo","rust/alera-cli/Cargo.toml","rand_core","0.6","0.6.4;0.9.5;0.10.1","0.10.1","","0.6.4;0.9.5;0.10.1","Replaced direct dependency with rand 0.10.2 OS CSPRNG"
"cargo","rust/alera-cli/Cargo.toml","zeroize","1","1.9.0","1.9.0","1.9.0","1.9.0",""
"cargo","rust/alera-cli/Cargo.toml","png","0.18","0.18.1","0.18.1","0.18.1","0.18.1",""
"cargo","rust/alera-cli/Cargo.toml","jsonschema","0.49","0.49.2","0.52.1","0.52.1","0.52.1",""
"cargo","rust/alera-cli/Cargo.toml","tokio-tungstenite","0.30","0.30.0","0.30.0","0.30.0","0.30.0",""
"cargo","rust/alera-cli/Cargo.toml","toml","1.1","1.1.4+spec-1.1.0","1.1.4+spec-1.1.0","1.1.4","1.1.4+spec-1.1.0",""
"cargo","rust/alera-cli/Cargo.toml","url","2.5","2.5.8","2.5.8","2.5.8","2.5.8",""
"cargo","rust/alera-cli/Cargo.toml","dirs","6","6.0.0","6.0.0","6.0.0","6.0.0",""
"cargo","rust/alera-cli/Cargo.toml","dunce","1","1.0.5","1.0.5","1.0.5","1.0.5",""
"cargo","rust/alera-cli/Cargo.toml","regex","1","1.13.1","1.13.1","1.13.1","1.13.1",""
"cargo","rust/alera-cli/Cargo.toml","git2","0.21","0.21.0","0.21.0","0.21.0","0.21.0",""
"cargo","rust/alera-cli/Cargo.toml","ignore","0.4","0.4.31","0.4.33","0.4.33","0.4.33",""
"cargo","rust/alera-cli/Cargo.toml","notify","8","8.2.0","8.2.0","8.2.0","8.2.0",""
"cargo","rust/alera-cli/Cargo.toml","axum","0.8","0.8.9","0.8.9","0.8.9","0.8.9",""
"cargo","rust/alera-cli/Cargo.toml","bytes","1","1.12.1","1.12.1","1.12.1","1.12.1",""
"cargo","rust/alera-cli/Cargo.toml","if-addrs","0.13","0.13.4","0.15.0","0.15.0","0.15.0",""
"cargo","rust/alera-cli/Cargo.toml","hound","3.5","3.5.1","3.5.1","3.5.1","3.5.1",""
"cargo","rust/alera-cli/Cargo.toml","serde_urlencoded","0.7","0.7.1","0.7.1","0.7.1","0.7.1",""
"cargo","rust/alera-cli/Cargo.toml","sysinfo","0.39.6","0.39.6","0.39.6","0.39.6","0.39.6",""
"cargo","rust/alera-cli/Cargo.toml","async-trait","0.1.91","0.1.91","0.1.92","0.1.92","0.1.92",""
"cargo","rust/alera-cli/Cargo.toml","tracing","0.1","0.1.44","0.1.44","0.1.44","0.1.44",""
"cargo","rust/alera-cli/Cargo.toml","tracing-subscriber","0.3","0.3.23","0.3.23","0.3.23","0.3.23",""
"cargo","rust/alera-cli/Cargo.toml","sentry","0.49","0.49.0","0.49.2","0.49.2","0.49.2",""
"cargo","rust/alera-cli/Cargo.toml","keyring","3.6.3","3.6.3","4.2.0","3.6.3","3.6.3","3.6.3 retained on macOS/Windows; Linux uses keyring-core 1.0.0 + dbus-secret-service-keyring-store 1.0.1"
"cargo","rust/alera-cli/Cargo.toml","whisper-rs","0.16.0","0.16.0","0.16.0","0.16.0","0.16.0",""
"cargo","rust/alera-cli/Cargo.toml","libc","0.2","0.2.189","0.2.189","0.2.189","0.2.189",""
"cargo","rust/alera-cli/Cargo.toml","atspi","0.30","0.30.0","0.30.0","0.30.0","0.30.0",""
"cargo","rust/alera-cli/Cargo.toml","uiautomation","0.25","0.25.0","0.25.0","0.25.0","0.25.0",""
"cargo","rust/alera-cli/Cargo.toml","windows","0.62.2","0.56.0;0.62.2","0.62.2","0.62.2","0.56.0;0.62.2",""
"cargo","rust/alera-cli/Cargo.toml","objc2-application-services","0.3","0.3.2","0.3.2","0.3.2","0.3.2",""
"cargo","rust/alera-cli/Cargo.toml","objc2-core-foundation","0.3","0.3.2","0.3.2","0.3.2","0.3.2",""
"cargo","rust/alera-cli/Cargo.toml","tempfile","3","3.27.0","3.27.0","3.27.0","3.27.0",""
"cargo","rust/alera-mobile-native/Cargo.toml","hound","3.5","3.5.1","3.5.1","3.5.1","3.5.1",""
"cargo","rust/alera-mobile-native/Cargo.toml","serde","1","1.0.229","1.0.229","1.0.229","1.0.229",""
"cargo","rust/alera-mobile-native/Cargo.toml","serde_json","1","1.0.151","1.0.151","1.0.151","1.0.151",""
"cargo","rust/alera-mobile-native/Cargo.toml","whisper-rs","0.16.0","0.16.0","0.16.0","0.16.0","0.16.0",""
"cargo","cloud/Cargo.toml","anyhow","1","1.0.104","1.0.104","1.0.104","1.0.104",""
"cargo","cloud/Cargo.toml","async-trait","0.1","0.1.91","0.1.92","0.1.92","0.1.92",""
"cargo","cloud/Cargo.toml","axum","0.8","0.8.9","0.8.9","0.8.9","0.8.9",""
"cargo","cloud/Cargo.toml","base64","0.22","0.22.1","0.23.1","0.23.1","0.22.1;0.23.1",""
"cargo","cloud/Cargo.toml","chrono","0.4","0.4.45","0.4.45","0.4.45","0.4.45",""
"cargo","cloud/Cargo.toml","ed25519-dalek","2","2.2.0","3.0.0","3.0.0","2.2.0;3.0.0",""
"cargo","cloud/Cargo.toml","hex","0.4","0.4.3","0.4.3","0.4.3","0.4.3",""
"cargo","cloud/Cargo.toml","hmac","0.12","0.12.1","0.13.0","0.13.0","0.12.1;0.13.0",""
"cargo","cloud/Cargo.toml","jsonwebtoken","11","11.0.0","11.0.0","11.0.0","11.0.0",""
"cargo","cloud/Cargo.toml","rand","0.8","0.8.7;0.10.2","0.10.2","0.10.2","0.8.8;0.10.2",""
"cargo","cloud/Cargo.toml","reqwest","0.12","0.12.28","0.13.4","0.13.4","0.13.4",""
"cargo","cloud/Cargo.toml","serde","1","1.0.229","1.0.229","1.0.229","1.0.229",""
"cargo","cloud/Cargo.toml","serde_json","1","1.0.151","1.0.151","1.0.151","1.0.151",""
"cargo","cloud/Cargo.toml","sha2","0.10","0.10.9","0.11.0","0.11.0","0.10.9;0.11.0",""
"cargo","cloud/Cargo.toml","sqlx","0.8","0.8.6","0.9.0","0.9.0","0.9.0",""
"cargo","cloud/Cargo.toml","subtle","2","2.6.1","2.6.1","2.6.1","2.6.1",""
"cargo","cloud/Cargo.toml","thiserror","2","2.0.19","2.0.20","2.0.20","2.0.20",""
"cargo","cloud/Cargo.toml","tokio","1","1.53.1","1.53.1","1.53.1","1.53.1",""
"cargo","cloud/Cargo.toml","tower-http","0.6","0.6.11","0.7.0","0.7.0","0.6.11;0.7.0",""
"cargo","cloud/Cargo.toml","tracing","0.1","0.1.44","0.1.44","0.1.44","0.1.44",""
"cargo","cloud/Cargo.toml","tracing-subscriber","0.3","0.3.23","0.3.23","0.3.23","0.3.23",""
"cargo","cloud/Cargo.toml","url","2.5","2.5.8","2.5.8","2.5.8","2.5.8",""
"cargo","cloud/Cargo.toml","uuid","1","1.24.0","1.26.0","1.26.0","1.26.0",""
"cargo","cloud/Cargo.toml","rsa","0.9","0.9.10","0.9.10","0.9.10","0.9.10",""
"cargo","cloud/Cargo.toml","tower","0.5","0.5.3","0.5.3","0.5.3","0.5.3",""
"cargo","rust/alera-core/Cargo.toml","hex","","0.4.3","0.4.3","0.4.3","0.4.3","New direct dependency for unchanged lowercase SHA-256 fingerprints; previously transitive"
"cargo","rust/alera-cli/Cargo.toml","keyring-core","","","1.0.0","1.0.0","1.0.0","New Linux-only credential adapter dependency"
"cargo","rust/alera-cli/Cargo.toml","dbus-secret-service-keyring-store","","","1.0.1","1.0.1","1.0.1","New Linux-only Secret Service backend; preserved service/user mapping"
"cargo","rust/alera-cli/Cargo.toml","rand","","0.8.7;0.9.5;0.10.2","0.10.2","0.10.2","0.8.8;0.9.5;0.10.2","New direct dependency replacing rand_core while preserving OS-backed randomness"
